S.No,name,email,city
1,Raju kayal,raju@gmail.com,kolkata
2,pritam saha,pritam@gmail.com,digha
3,subir das,subir@gmail.com,kolkata
4,susant pal,susant@gmail.com,jadavpur
5,sagnik dutta,sagnik@gmail.com,kolkata
6,swarup,swarup@gmail.com,durgapur
7,indra,indra@gmail.com,kolkata
8,avik,avik@gmail.com,kalighat
9,suman,suman@gmail.com,delhi
